{
    "channels": ["orgst", "calctech", "toyas", "archive", "debug", "THRC"],
    
    "orgst": {
        "name": "The OrgST Public Channel",
        "files": false,
        "website": "https://satelliteearth.wordpress.com",
        "products": false,
        "people": ["@Wdboyes13", "@kaycutier (program.task)"],
        "info": "The public orgST channel.",
        "date": "2024-12-21",
        "comment": "Welcome to OrgST's workspace.",
        "fp": "channels/pub.py"
    },
    
    "calctech": {
        "name": "The CalcTech Channel",
        "files": ["calctrash.py"],
        "website": "https://github.com/Chureki/CalcTrash",
        "products": false,
        "people": ["@chureki (Table)", "@kaycutier (program.task)"],
        "info": "A channel for CalcTech!",
        "date": "2024-12-21",
        "comment": "How about YOU try ASM+!!!!",
        "fp": "channels/calctech.py"
    },
    
    "toyas": {
        "name": "toyathings MMD channel",
        "files": false,
        "website": false,
        "products": false,
        "people": ["@toyathing"],
        "info": "A channel for MMD!",
        "date": "2024-12-21",
        "comment": "code thingy",
        "fp": "channels/mmd.py"
    },
    
    "archive": {
        "name": "The Archive Channel",
        "files": false,
        "website": false,
        "products": false,
        "people": ["@kaycutier", "@Wdboyes13", "@chureki", "@toyathing"],
        "info": "A channel that archives ANYTHING orgST. If something's missing, contact us!",
        "date": "2024-12-21",
        "comment": "when we said ANYTHING, we meant it, sleep tight :)",
        "fp": "channels/archive.py"
    },
    
    "debug": {
        "name": "The Debug Channel",
        "files": false,
        "website": false,
        "products": false,
        "people": ["@kaycutier", "@chureki"],
        "info": "fun fun smile",
        "date": "2024-12-21",
        "comment": "Delusional office is the best doors game honestly.",
        "fp": "channels/debug.py"
    },

        "horo": {
        "name": "The Home Room Channel",
        "files": false,
        "website": false,
        "products": false,
        "people": ["@kaycutier"],
        "info": "Info about home room.",
        "date": "2025-04-12",
        "comment": "updates coming soon!",
        "fp": "channels/debug.py"
    }
}
