{
  "version": 1.8,
  "title": "orgST",
  "authors": "progman.task, Wdboyes13, chureki",
  "description": "console in python with apps",
  "sponsors": 4,
  "sponsornames": "orgST Public, Archive, CalcTech, toyathing",
  "updates": 9,
  "github": "https://github.com/MakiDevelops/orgST.git",
  "diaryversion": "DIARY 1.1",
  "updhistory": "2024-12-17: concepts for UI started. 2024-12-18: working on the UI version and sponsorlist (added toyathing to the sponsors) 2024-12-21: Added the Archive channel. 2024-12-22: Fixed a bunch of things and moved some directories. 2025-04-16: Fixed some JSON stuff!",
  "rolltext": "36aong93",
  "datecreated": "2024"
}
